{
  "id": "",
  "name": "",
  "font_family": "iconfont",
  "css_prefix_text": "icon-",
  "description": "",
  "glyphs": [
    {
      "icon_id": "15714215",
      "name": "电脑",
      "font_class": "diannao",
      "unicode": "e625",
      "unicode_decimal": 58917
    },
    {
      "icon_id": "15838431",
      "name": "arrow-right",
      "font_class": "arrow-right",
      "unicode": "e665",
      "unicode_decimal": 58981
    },
    {
      "icon_id": "15838483",
      "name": "good",
      "font_class": "good",
      "unicode": "e673",
      "unicode_decimal": 58995
    },
    {
      "icon_id": "15838506",
      "name": "notification",
      "font_class": "notification",
      "unicode": "e679",
      "unicode_decimal": 59001
    },
    {
      "icon_id": "15838521",
      "name": "picture",
      "font_class": "picture",
      "unicode": "e67c",
      "unicode_decimal": 59004
    },
    {
      "icon_id": "18418812",
      "name": "斜线",
      "font_class": "xiexian",
      "unicode": "e65c",
      "unicode_decimal": 58972
    },
    {
      "icon_id": "33986997",
      "name": "喜欢",
      "font_class": "xihuan",
      "unicode": "e61d",
      "unicode_decimal": 58909
    },
    {
      "icon_id": "33987002",
      "name": "返回",
      "font_class": "fanhui",
      "unicode": "e61e",
      "unicode_decimal": 58910
    },
    {
      "icon_id": "33987008",
      "name": "关注-置灰",
      "font_class": "guanzhu-zhihui",
      "unicode": "e61f",
      "unicode_decimal": 58911
    },
    {
      "icon_id": "33987012",
      "name": "验资完成",
      "font_class": "yanziwancheng",
      "unicode": "e620",
      "unicode_decimal": 58912
    },
    {
      "icon_id": "33987014",
      "name": "分享",
      "font_class": "fenxiang",
      "unicode": "e621",
      "unicode_decimal": 58913
    },
    {
      "icon_id": "33987019",
      "name": "填选购人",
      "font_class": "tianxuangouren",
      "unicode": "e622",
      "unicode_decimal": 58914
    },
    {
      "icon_id": "44726389",
      "name": "火热",
      "font_class": "huore",
      "unicode": "1020c",
      "unicode_decimal": 66060
    }
  ]
}
